Title,Year,Authors,Missing Fields
,,Unknown,DOI Abstract Keywords
,,Unknown,DOI Abstract Keywords
,,Unknown,DOI Abstract Keywords
,,Unknown,DOI Abstract Keywords
,,Unknown,DOI Abstract Keywords
,,Unknown,DOI Abstract Keywords
,,Unknown,DOI Abstract Keywords
,,Unknown,DOI Abstract Keywords
,,Unknown,DOI Abstract Keywords
,,Unknown,DOI Abstract Keywords
,,Unknown,DOI Abstract Keywords
,,Unknown,DOI Abstract Keywords
,,Unknown,DOI Abstract Keywords
,,Unknown,DOI Abstract Keywords
,,Unknown,DOI Abstract Keywords
,,Unknown,DOI Abstract Keywords
,,Unknown,DOI Abstract Keywords
,,Unknown,DOI Abstract Keywords
,,Unknown,DOI Abstract Keywords
,,Unknown,DOI Abstract Keywords
,,Unknown,DOI Abstract Keywords
,,Unknown,DOI Abstract Keywords
,,Unknown,DOI Abstract Keywords
,,Unknown,DOI Abstract Keywords
,,Unknown,DOI Abstract Keywords
,,Unknown,DOI Abstract Keywords
,,Unknown,DOI Abstract Keywords
,,Unknown,DOI Abstract Keywords
,,Unknown,DOI Abstract Keywords
,,Unknown,DOI Abstract Keywords
,,Unknown,DOI Abstract Keywords
,,Unknown,DOI Abstract Keywords
,,Unknown,DOI Abstract Keywords
,,Unknown,DOI Abstract Keywords
,,Unknown,DOI Abstract Keywords
,,Unknown,DOI Abstract Keywords
,,Unknown,DOI Abstract Keywords
,,Unknown,DOI Abstract Keywords
,,Unknown,DOI Abstract Keywords
,,Unknown,DOI Abstract Keywords
,,Unknown,DOI Abstract Keywords
,,Unknown,DOI Abstract Keywords
,,Unknown,DOI Abstract Keywords
,,Unknown,DOI Abstract Keywords
,,Unknown,DOI Abstract Keywords
,,Unknown,DOI Abstract Keywords
,,Unknown,DOI Abstract Keywords
,,Unknown,DOI Abstract Keywords
,,Unknown,DOI Abstract Keywords
,,Unknown,DOI Abstract Keywords
,,Unknown,DOI Abstract Keywords
,,Unknown,DOI Abstract Keywords
,,Unknown,DOI Abstract Keywords
,,Unknown,DOI Abstract Keywords
,,Unknown,DOI Abstract Keywords
,,Unknown,DOI Abstract Keywords
,,Unknown,DOI Abstract Keywords
,,Unknown,DOI Abstract Keywords
,,Unknown,DOI Abstract Keywords
,,Unknown,DOI Abstract Keywords
,,Unknown,DOI Abstract Keywords
,,Unknown,DOI Abstract Keywords
,,Unknown,DOI Abstract Keywords
,,Unknown,DOI Abstract Keywords
,,Unknown,DOI Abstract Keywords
,,Unknown,DOI Abstract Keywords
,,Unknown,DOI Abstract Keywords
,,Unknown,DOI Abstract Keywords
,,Unknown,DOI Abstract Keywords
,,Unknown,DOI Abstract Keywords
,,Unknown,DOI Abstract Keywords
,,Unknown,DOI Abstract Keywords
,,Unknown,DOI Abstract Keywords
,,Unknown,DOI Abstract Keywords
,,Unknown,DOI Abstract Keywords
,,Unknown,DOI Abstract Keywords
,,Unknown,DOI Abstract Keywords
,,Unknown,DOI Abstract Keywords
,,Unknown,DOI Abstract Keywords
,,Unknown,DOI Abstract Keywords
,,Unknown,DOI Abstract Keywords
,,Unknown,DOI Abstract Keywords
,,Unknown,DOI Abstract Keywords
,,Unknown,DOI Abstract Keywords
,,Unknown,DOI Abstract Keywords
,,Unknown,DOI Abstract Keywords
,,Unknown,DOI Abstract Keywords
,,Unknown,DOI Abstract Keywords
,,Unknown,DOI Abstract Keywords
,,Unknown,DOI Abstract Keywords
,,Unknown,DOI Abstract Keywords
,,Unknown,DOI Abstract Keywords
,,Unknown,DOI Abstract Keywords
,,Unknown,DOI Abstract Keywords
,,Unknown,DOI Abstract Keywords
,,Unknown,DOI Abstract Keywords
,,Unknown,DOI Abstract Keywords
,,Unknown,DOI Abstract Keywords
,,Unknown,DOI Abstract Keywords
,,Unknown,DOI Abstract Keywords
,,Unknown,DOI Abstract Keywords
,,Unknown,DOI Abstract Keywords